{
    "n_estimators": 312,
    "max_depth": 3,
    "learning_rate": 0.017930454999071435,
    "subsample": 0.5038893756105791,
    "colsample_bytree": 0.8413300715928216,
    "reg_alpha": 2.2958426032658728e-07,
    "reg_lambda": 0.262477421891052
}