{
    "n_estimators": 498,
    "max_depth": 8,
    "learning_rate": 0.01085360828113587,
    "subsample": 0.5909643772481175,
    "colsample_bytree": 0.6165372666469908,
    "reg_alpha": 4.70109383808645,
    "reg_lambda": 1.0143598351708503e-08
}